previous_gpa,assignment_completion,study_hours_weekly,submission_timeliness,debugging_time,forum_participation,office_hours_attendance,passed_course
2.4363502971184063,84.90808570098726,5.4431902921268716,71.14490710817309,5.972407990982213,82.7518922106303,6.72702994208898,1
3.87678576602479,76.80481831720601,14.005622737080596,68.75091265778386,5.692597182367996,76.45277946547176,7.966813971913723,1
3.3299848545285125,65.47638081431639,21.9507000610338,41.53852394838614,18.218837029899696,57.352895145557326,2.50467898792499,1
2.9966462104925915,90.68975098534743,18.573397273829467,60.474869657569386,5.741377797140616,95.60471436119332,6.248740996069989,1
1.8900466011060912,84.23655862769397,20.357467548674794,62.811737127151424,6.167044796443989,20.04745155284028,5.717459831437487,1
1.8899863008405067,58.130846967244565,16.810800801057216,63.92936685381403,15.42856698594131,10.92642103096214,8.32830376788271,1
1.6452090304204987,95.54635922469213,17.61463754842846,74.81034215363994,9.54505700656026,85.39619669554222,9.060870604812605,1
3.665440364437338,91.12686214615846,21.380695637567662,72.0161528036127,15.757500582148444,43.91498166337483,0.12156771477386807,1
3.002787529358022,97.4899956645962,6.992032212620463,76.47430556760668,2.2419569937233197,84.69688542070605,6.740199190587926,1
3.2701814444901136,86.28597541941801,12.746199127435371,85.8929956925277,10.263852679794303,89.30902051954149,0.5183579911972902,1
1.5514612357395061,80.6707597967895,6.309026603670453,88.7791443229656,1.6386584034823701,6.245759361907144,5.488586650773559,1
3.9247746304049858,70.91215181453094,24.704032191919527,83.08738457358967,2.190410865651736,88.34647629860606,2.876327290436782,1
3.5811066020010545,96.63642416770065,23.65742415247872,97.33142175729608,18.22231161354381,44.831905536942216,3.067765995221412,1
2.0308477766956905,93.30319447502042,1.9462434728441416,41.0939549605817,3.645662051234308,51.04324890042322,3.5295850345235658,1
1.9545624180177517,52.26093350530947,17.933804140376523,51.74667914101276,11.115992963229125,62.659251109321026,6.212924490496102,1
1.9585112746335844,51.3183487248626,23.205959617975978,40.45377249868853,8.810816449413425,92.63826067300867,3.340499656687692,1
2.260605607398844,68.82316834390248,5.333808283056005,78.84848284927618,7.5995231989180105,1.911609442976403,7.326990505902804,1
2.8118910790805947,90.52766653909165,14.630685533263108,93.88183293699922,18.096833568058177,47.68434683178171,4.045273855738697,1
2.5798625466052894,99.36380646574722,22.971719142113002,54.608937794577955,1.4146445387343005,68.77220424305607,0.6835320030995862,1
2.2280728504951046,57.52084455517641,1.8147034860591722,95.6220726877784,13.612004037336193,72.27069576982285,7.837598424841072,0
3.0296322368059485,79.70653576760675,17.738086413924158,43.61604341737365,19.30449425005746,69.2532431537108,2.85758324592706,1
1.8487346516301046,69.04454283155107,8.13637617694122,96.06616160833086,11.643195485774998,13.443512940812186,4.3276687959926265,0
2.2303616213380453,98.49571989073016,23.18550868903673,61.09736123437806,18.799626778628745,29.93955883716812,6.8544388322190155,1
2.4159046082342295,92.10594615678544,24.305397883968826,46.08524970695299,1.9928997064344516,35.87155254170135,3.32456157148712,1
2.64017496054259,91.91643523555689,23.662395738722413,69.15230555117954,8.957073062409066,80.4437207679505,0.5658565614671562,1
3.462939903482534,73.43465798974852,12.38114119977913,55.40659406323048,5.942998028278972,27.875987241455302,3.739210470128136,1
1.9991844553958993,70.74097511688326,21.689023623743523,57.092374117715366,14.885598334633865,21.070496386720315,9.444485826943033,1
2.785586096034029,63.670353596535314,21.26918556484169,58.43739789557719,19.644644719447687,95.74480190380962,6.417343972985582,1
2.981036422155106,52.81877483254635,8.658411357838135,88.1815538699598,5.874071186440708,0.88632851134689,6.71479148667207,1
1.6161260317999944,93.23611881275266,20.893971379616257,72.34967660051527,13.429317428007415,99.78208556819781,6.322821536376399,1
3.018862129753596,90.64505045650388,1.888183233171823,58.67846194936022,4.763855022435062,67.68212988573956,1.989921389594368,1
1.9263103092182288,99.98588366430653,15.310477083569273,76.6200269986551,11.741274836860589,82.84692994491171,4.183338641022801,1
1.6626289824631988,99.83184185369527,6.520212094904873,82.96904045339161,9.814717247078388,29.461939634619316,7.509397983633183,1
3.8722138431333333,77.77158528013138,3.8936052586546914,56.35744004401202,19.468101262999205,1.4315277667059978,1.0137289755315915,1
3.9140800826863984,88.44937075902553,2.8468768391010197,64.8129460915211,12.562018181232865,73.78695185615301,2.7785277608971226,1
3.5209933702911527,97.23828649412141,17.710930621075356,47.313165600216855,7.640621069649557,83.41445970006758,2.763191084658536,1
2.2615344229334267,92.48236953387058,9.156999130433586,50.86896097208082,3.1678199128707343,74.04761319535191,4.32018927594506,1
1.7441802850159598,62.36740508715988,18.394402516690274,80.86707123789897,3.8736897459637567,14.285028730083859,9.803687409421851,1
3.210582566280392,72.52720676550467,2.568552179174617,50.88630086173762,5.281021669073467,75.34279222569691,0.6750254668382194,1
2.6003812343490034,56.45797075757475,8.566968107934649,71.50980302002361,5.768366565465662,76.8922782107641,5.1870099438059505,1
1.8050955871119472,97.70255136293612,13.947791017008093,82.54277570334597,17.161705098981617,65.85405156700548,1.7936468201221045,1
2.7379422752781757,80.308731722544,19.977355956135124,46.41261538568463,11.663232977367974,76.61159327955862,9.706765454097441,1
1.585971302788046,61.43214027517314,8.650060070369678,74.03873317773422,10.944427316112963,84.59214396777321,1.133035047274642,0
3.7733010051969553,83.58503422029284,16.02139303448822,55.393767022081825,3.180608565515132,61.360411423745845,4.036010023615912,1
2.1469499540000423,80.90641202289478,22.26346595766849,97.77561251425479,17.342654173639264,8.860471396967906,7.378849848346062,1
3.156305710884955,67.90813590164203,15.78071651637531,69.01273880319548,14.73347176096119,48.76278096672109,7.045544280274453,1
2.2792776902235277,55.67787960998145,6.59102739408721,88.35955298650948,2.28569887610003,7.764933467160507,4.227286368939323,1
2.800170052944527,83.57865977963998,1.5856187573569125,73.0135925293757,14.448866847365604,40.75430310324308,3.4652416795271823,1
2.8667756983581993,76.01538504518966,21.882372973622317,42.60475197128915,11.327226129510276,40.71064891256276,3.9761237855287055,1
1.9621361388138177,88.61591958678196,1.5104658604092913,77.98908253564134,2.5527815691887867,6.600984414024158,2.642762631586393,1
3.9239615694113965,76.00817505559966,21.992840144420786,97.08420053239942,9.707712189044473,34.88205339694793,2.053329387067998,1
3.4378320584027864,92.609075015927,13.694491216653088,76.09670920877987,10.209229455470892,11.099809879131485,4.8303969755889,1
3.848747353910473,77.59534193872427,23.53762476430951,89.15133156560742,4.149716263102239,80.82352100092221,2.685337560676073,1
3.737068376069122,78.04689857676931,20.17079765856797,93.05238780090447,18.968264793005364,94.76880259644707,2.874616648972501,1
2.994749947027713,93.83268013291726,24.9504186528001,53.68478631693595,17.14953205813258,7.231647525793861,6.56756063474557,1
3.804685587557792,70.17414331061985,9.417083570841044,52.7226903944936,13.711424409253057,95.51152072917014,9.685373316998922,1
1.7212312551297988,56.70076142253204,19.412518934347045,76.6588593310595,9.783615659011536,52.25765993367452,6.036372005593751,1
1.989957156047863,51.43913381566695,10.646341926621812,64.66170818840229,8.823545290105661,29.95656779538739,0.7697946706496628,0
1.613068222276345,87.75686278368096,12.517014887293811,90.39167817200322,13.36849587586813,7.686207527616351,0.7558361385406698,1
2.313325826908161,81.01547756767323,16.060131117240882,94.00138740388067,11.363205518731204,50.06242680704178,9.51423220845566,1
2.471693224223705,85.20398840496118,21.96825074047213,61.20528275816309,2.1831890117558266,79.45155444907486,2.9729079030733363,1
2.1783725794347397,60.64820807544554,24.618003260783084,54.21223353846892,10.737550326636303,70.70864772666981,0.9206698608247543,0
3.5718437728798236,56.818573779338486,19.438561932748435,86.83153091463171,16.32166872742395,5.022601146397376,5.990445871503816,1
2.3918833167339733,50.7272332833941,11.02640277201601,56.48836213288817,9.725557674342204,7.290183536790352,6.236487782902661,1
2.202336274218452,67.52937794032985,11.112568054649685,89.3568591108207,1.9871749735310997,40.28732826326371,6.485048201186881,1
2.856740207895621,79.49588434273166,18.701975238133397,65.42429521892578,15.93928578829663,29.52904940479433,2.674020278575413,1
1.8523105624369065,69.61220225498661,6.730651498439256,80.05299395748823,4.825911860583513,23.238432305604782,0.15110684214475034,1
3.5054924518850994,71.87374610118646,3.651378715153472,45.73211883008009,5.913795862872737,28.10044989087136,9.650153694544718,1
1.686376609199427,95.20793472468742,9.510931783378638,77.43155948059439,4.129420715213622,80.34827432968846,2.508930456911025,0
3.9672173415012932,67.41277335116501,7.893735799697962,67.10606072423374,7.274086232558453,92.92280536318539,6.760262880525475,1
3.4306119232416434,75.69947445799053,8.111394890943762,75.19650779052844,15.378278608084065,40.510269452756646,7.0662986987870955,1
1.996789203835431,89.18265063705715,6.6065860251978386,50.0808524646918,10.86833133057481,90.61110021324971,6.100074170794857,1
1.513805292809006,69.8271391160635,2.010236551272685,84.21242469665093,4.8927442088635384,32.1495701247882,3.129073942136482,0
3.5386535711370852,81.10433501139367,1.4289744336019314,91.7678246525937,17.678771484888777,47.64369863437916,2.7109625376406576,1
3.267143359619043,93.11818543733726,24.705337353664756,53.00438800544654,17.712055244079053,22.602899781599973,5.976682827027031,1
3.3225179201024684,97.47603118288211,11.266555209660696,45.7428733312097,17.54099007587413,64.0476042175844,8.660956336116914,1
3.4281758667148643,57.3536740464519,10.223839531832361,41.41831516278018,5.537128016249246,97.89811151748088,9.467337289233956,1
1.685111629335226,96.32938125807472,17.311534784633675,78.51829002659596,9.573547539438774,60.34930960433786,1.0590580440375763,1
2.396164321360682,74.6058146539769,6.23809330876154,76.42564216532685,19.714803466676628,35.78140841135489,1.5482861259771985,1
1.7896726488128243,62.91221941494792,23.799068414805408,72.8018447628442,15.668237049889816,64.78174459905284,9.447362587830796,0
3.657758564688984,72.95678781191307,19.872280345973248,53.916825766958524,1.5161810032856367,12.292067846538757,7.365352283347926,1
3.058245317068895,99.00162876427385,3.1458640554942283,63.45435975433088,2.238887233949349,88.86590802653987,8.829938248297731,1
2.327245062131623,74.63090469964348,11.02193861883828,75.66858011117039,9.814696159434323,50.30839507798363,2.026326341353432,1
1.6588958757150591,66.43758051437541,22.098839381491953,69.80601153155015,18.275183911369645,44.93497420396421,5.875858711094018,0
2.2774558042891555,81.67004271583629,23.673568534993848,99.26713121289325,11.23533416110157,58.58647884535192,7.011395944174737,1
2.312958305066868,62.00728093890965,12.217636269996873,48.18638515340399,10.458437652651515,62.47838627894025,6.801118854469727,0
3.32401544584516,53.7931664054332,15.721873341056984,81.70867324285562,3.0040002991759813,7.177580622651303,4.081516908666981,1
3.093893678388033,56.44398609553246,5.008814706209805,64.25912608625752,13.478821989761586,68.26172212234025,0.15394891691308477,0
3.7180318564408164,56.40229194788862,24.788047027287437,65.69197689553688,16.619960051404284,24.193168031552958,5.829260568042631,1
2.6805373129048733,57.595134675614716,6.5601208332026415,83.05586593949057,8.227980142643684,71.39526325065899,2.5310153917960876,1
1.7989856148457544,56.94135863247051,23.625562579243017,81.54616907946217,15.736625167581222,82.25347943841967,4.502542461428903,0
3.2831119680574874,82.04373724016074,16.591519575816843,99.4753596221313,19.32505642411542,80.39585075525203,9.575810150838173,1
3.4019626215422436,59.09400421995724,15.585683077092618,47.703657367247516,4.871562723426093,55.25009674078891,3.990353176424347,1
2.9031929939237404,67.28336416619317,13.304524264396207,46.246578963049984,10.943262992700085,52.016989231075115,8.398016066644267,1
3.4274179498864026,94.8394204953006,6.5360754812262085,83.46032902772447,6.455621203606936,14.287596133941172,1.8854060574925113,1
2.734488990910977,73.69808201314362,5.236672768132198,74.70321502038455,16.064233961642948,77.53461504031355,6.724604980250288,1
2.806832073454985,83.37788692605136,6.2916690176842085,56.44963999358835,11.974273951741992,27.140938044671437,9.770069544389434,1
2.568852545896374,58.61599356008149,5.474518291462108,44.765162139339196,13.057065933455771,49.669542281794655,1.018931008729368,1
1.563547816860238,59.61445094043354,19.71002736560208,45.13949497578583,16.160369032701986,28.42740929275167,0.08319942227192012,0
1.769728567483261,52.043430813323944,9.403006220001522,93.6514524798471,8.523438980586644,13.382836299969314,4.335827926326143,1
1.5785729642168356,58.44675315360823,2.388224237521513,51.512039483124575,18.386711299733822,62.95576968917366,0.926254830513672,0
3.091026028159451,63.92951695159793,24.25846312337947,59.40229372693125,11.12754847767666,5.4332034822903825,7.483843496762313,1
2.285889952690817,58.85052421383734,22.210861239122217,53.59938413361928,4.001141633871612,74.86452341262,9.14548663848559,1
2.771426727911757,54.43512668785278,23.26605479668511,61.29977834991624,14.222083245207246,31.758679526111667,4.340209727087588,1
3.7689161848152324,56.03179355503004,24.877787743514446,44.1654305647656,16.07196565832683,0.013469300448532007,2.5871164215544096,1
2.1232305728721874,73.03893840163629,5.173485981267695,71.14358745449621,7.018471864283007,51.11291392372298,4.344033190066098,0
2.525957307589074,60.31668592028963,10.50980845366381,44.05675381553289,17.286405882976307,4.6851908527603126,7.2344781785000105,1
3.3888778463576217,68.21349305240378,19.197723416898192,88.0213904693417,18.21672184054956,27.616955782089946,0.09054161580370979,1
2.071995413729056,75.17086354274284,17.704494833291015,54.02272491462598,6.26118526017837,70.69764874557161,5.894539894846972,1
1.6924497745719824,84.51974143146826,4.693501752156521,72.40071487627063,19.68690798158922,6.268962162186586,6.132916848873791,1
2.22437863228442,51.965606992054944,20.579994999774826,92.80474525368749,3.67351903292641,83.93384923560023,6.376882468959355,0
1.903053218135011,89.97051994545214,6.386573724079856,79.05264214283164,4.83829769964731,0.3819922658583108,2.420220799808772,1
3.8242441308564326,81.39501947454539,6.371622755742954,71.97746719308012,4.500271945522496,24.682386920190226,7.140527233781268,1
3.5203009489110424,54.08795159744359,13.887386149441927,59.460025186922536,17.985804490149537,74.09040561520715,0.9139148633177641,1
3.083509391276059,93.67893120533887,15.230558436200877,59.98011478349187,13.431558494174276,31.627014972930677,1.9927033646680081,1
3.6786514754692945,96.04362002659066,14.922068988107469,80.1692173118914,3.8899813812231847,10.189238806601352,8.77470046654482,1
3.5091801922477863,53.05389799274319,3.195684097546117,99.64836167327005,9.366144948998631,36.02339188004279,7.387231507265664,1
1.9664251472150895,63.843882407360184,22.059060703129127,79.71035139096271,12.690662476326239,27.039328638452552,0.1374555401134525,1
3.7313974962249445,90.31006398965306,7.3744010221289455,73.46700504220149,2.5858176147982825,84.27119021605549,2.4837626036980023,1
2.848355604789127,87.41298451918291,4.1083581107873,83.83903061435477,17.765910999739436,31.334791758514314,2.1440648299316454,0
3.518600387910156,59.226050967818864,22.32995391685545,67.91233673702308,16.26846717338917,78.89324717760073,2.7080632803697258,1
3.740228249808733,60.467466166835514,23.93563595751408,43.60854055604711,10.598928697956126,89.18721448107347,2.475597702798864,1
2.2950086874296596,68.5236051395691,21.691062814370817,73.73780895267458,19.37540568992424,43.381741957652956,0.6252629574284574,0
1.775129811319192,74.22614925955106,20.428385793397073,97.45751707032281,8.937458606226894,90.9943143854392,4.589405165968204,1
2.069837906354854,80.9127385765148,16.72580753533652,50.51817654145958,19.69809606169346,37.73180539631929,7.327334747861651,1
2.567769471565641,68.44568197848862,14.220576894619343,81.40029344923994,13.690479977268915,96.40784164901082,6.067317247174364,1
3.5450369148062326,73.1267358066574,3.0876822378738433,52.05602131954339,13.058754191824887,8.928952452557294,6.728716685980798,1
3.6518264581408584,87.37354690668784,10.80287711369677,72.14966106838487,4.153143010619915,68.70192665032427,0.8114917853623915,1
1.5173803263279768,51.834160144529896,9.944524408295536,45.800586978803175,17.756627407788237,49.38140404569287,9.514907101767871,0
2.7768682564439144,62.62184721720104,7.234090810247829,67.02225617549111,9.122304070491687,38.76488054556471,8.384918338430248,0
2.5435275078719473,85.66747929422762,18.36208272852604,85.36979973371476,4.082434709867108,63.27118787486009,8.050903184956628,1
2.0552695261768257,94.76034188435997,12.9010176418905,60.85429145433892,1.2395428795394219,70.38570916343312,8.229838050417674,1
1.799663418334207,75.58387210578331,2.9451091817835504,79.89470346923308,11.635357989129268,0.43632696503090873,9.327105081327613,1
2.34403792850907,76.60567426326578,6.284396846795472,87.72699764738375,11.020592820330851,16.69530887471987,5.442539661136977,1
3.857274259781298,55.358600566988805,17.398210327830302,95.63066916876716,14.667718825014013,71.30460506343186,2.002820178676259,1
2.308007330051888,72.37061834117273,2.8271406277672044,54.078524911327214,17.91490300733824,66.63854135782064,6.167836078525411,1
2.796976554358415,76.63086332275115,21.42896593717045,63.958954948558485,2.508725108217561,96.60475051286772,7.42881493667939,1
3.2575473972379445,62.12352518173648,12.883516648335384,49.14496079982504,14.898433316466885,76.1037790250783,7.379173933540254,1
2.409074005948235,63.46216154746905,12.534077855839552,99.5490101295025,4.560826937854062,95.0772707731338,5.214490241668801,1
3.929455206802402,68.86420815523113,15.217786831828423,95.62005807545772,17.305364009986114,70.25405015348069,0.6845871933357806,1
3.906118237355278,51.003559888886315,20.79234318220358,72.39742781683358,16.562206763371464,29.805220863944314,3.7111293843012785,1
2.1294557395634106,66.10395827915892,9.347420989652633,90.52199766258528,11.275081344725344,10.536492225085647,9.207666084633573,1
2.7431212647309637,60.572400349827234,17.272387661417525,71.25747863632253,14.494613173842918,78.18238633449356,5.84448909757426,0
2.2521957745419243,66.37486760889573,14.577567135898985,77.41514128016559,6.97265215049122,64.4149221475916,5.383319432557134,1
2.212101235943669,55.98810659096256,7.408678484066112,45.34746592696099,9.952190079723477,4.818601239329623,2.688535143821935,0
1.5922173683863319,94.52636403699475,22.08711967252379,85.31622522980848,16.61110105649896,36.005046590097834,3.684489199165789,1
3.023910834949742,79.67962267770244,20.138224518566275,47.66280901811409,9.726038746291064,95.67998154842861,8.953460891531693,1
2.7566975580721538,83.95511595722448,16.802844031802213,89.5640578151517,7.798167041183394,50.04011457102012,6.664630475268357,1
1.6286968781249733,89.45856193036691,21.413961498261806,86.92168526022316,10.390036497755698,43.272913601970465,7.873870267523328,1
2.1966161605915286,74.92210994645286,21.815060823035257,82.52468186457858,16.73673579630715,45.7699605159294,4.543454230676551,1
3.7706647149166344,54.34601440437118,18.000711441160835,42.169622831485725,7.368952900046581,20.88827240051637,6.302472194561579,1
2.098904726667431,76.85532709092739,21.08831988072813,58.187701356719714,4.3014702695791325,36.87071708647952,2.483836087432075,1
1.8622371802280577,79.34205590104395,17.73931508006281,55.78675419465057,14.528266386284834,36.98132559871766,7.054608302834863,1
2.7236319006939076,87.2719737092165,17.32337852224721,61.60818444829114,16.693586041453557,5.2355020187472405,4.276013337033373,1
3.964126135276502,71.58297731148397,15.846673077164423,45.25856480583031,2.912112091947133,76.75676285179182,4.4254551481474556,1
2.105138178778751,56.37901513977819,19.06519934938339,96.21746938186376,5.55760814236295,41.6504431903879,6.493223245768816,1
3.1803388685146965,64.18879528993622,4.806522527033769,73.22813444274257,3.697467805458884,82.21798868164232,9.362806214689266,1
3.404049038321794,68.15411481993175,22.140898220774282,58.33145863948141,7.610886820061166,85.03480011198954,0.6400634660862092,1
2.0940938599809993,82.29586206658007,21.924244665885567,63.818891024457,9.55666859920284,21.199405469865805,8.247432373470076,1
3.3205408715296487,78.53891523344559,1.7019347928294195,66.83215243029014,15.227700402302823,65.73534821701286,2.9238311041219314,1
2.419457831798133,67.80483629489231,20.819602013554302,76.03566000163704,13.371804112751809,47.22818041629817,4.439194545063778,1
3.080764576483949,99.32576243964898,4.092876819362685,70.94076566178987,12.797642782090191,88.0156737921485,0.21913328775008956,1
3.083824276902237,80.28874096784436,9.042852502219406,95.16351839286504,7.695123985583434,21.57406791764541,3.0104607783431305,1
2.839436710186896,61.86133958679972,18.844198150998587,69.81780897434982,16.987503508610438,67.78132003100443,5.026312426301304,1
1.7257244251360206,55.089123631020186,4.858237505159397,99.52948088939877,9.954456180565126,60.775212225272256,0.5617607734743901,0
3.588256238973095,57.642956959216605,20.631208578857493,91.08549746470575,19.602993822287935,29.53014775718328,4.910957293831651,1
2.3019501624293395,62.29788641922541,20.971220270985807,52.51063086144015,13.048700627619,13.660090365117261,9.271106288584273,1
1.9662962759996356,58.03406866297779,13.179225610260069,95.83571287863498,3.399030089725552,65.16397604772766,1.0539321810780522,1
1.6019378538869098,59.32835120256529,1.153260921204006,46.98198387312856,13.847373679433247,73.85974581323308,7.644407280755043,0
2.9772323579706046,64.25475843469235,7.888915196197907,89.04698250947149,7.176976293202281,31.562734376335,4.096710533759927,1
3.193910904605706,58.66867976473774,15.806246041017813,62.837397608594806,14.040216737035852,64.48326040223138,6.55173714524338,1
1.5414695723196403,94.83827123132126,24.548468272658162,92.67845922670418,2.323181815085709,39.51309076115032,2.6023659798522933,1
2.7802326457482023,54.01168728308211,16.163524648400042,92.08340140644702,4.322747306343228,71.32068832826177,1.5949226254135829,1
2.0662394379948448,76.22556947851274,7.235285945539835,88.35552400705727,17.25900791920994,19.92152748940531,1.6046261427122643,1
3.1129319760236247,70.51984134948307,16.21613687439067,87.40182617842368,5.316411583446783,89.02150026361744,0.7049194564314465,1
1.9359160725124787,99.11893084543033,13.959649113180532,58.280748345882444,16.90378137961586,28.74095964655797,1.8564670490124302,1
3.227344345256165,55.60194510840262,19.716289483627445,44.85515698307513,6.306245680633798,36.77859877561529,6.642193849889683,1
2.4668383657513435,69.89277995228709,3.567535331847002,64.17881072590968,13.214756291115446,5.8091952080349785,8.81690611843508,0
3.8418249718418362,98.47352166376845,19.26466966004867,50.41147089919052,14.188860896686789,11.15122123212764,8.141256855911617,1
1.8438023603649831,93.27535629469901,13.990397888226646,81.69706533414771,10.740440309756005,51.58619027123281,6.851343098744841,1
2.3526658776256464,90.85360354746399,24.11180809261587,60.76598359226713,6.800902857237895,26.75926767279715,1.1043186341110267,1
1.7836838031014728,62.895141352246995,9.204931984928466,98.53661205159489,5.040243151050826,83.54802257421944,2.8918744629594983,1
3.811734045696407,58.54437936950329,16.182925435214756,78.45832464071992,1.6305977366860982,1.4693388654953843,3.0980687532246898,1
3.6933483834524523,83.43216099622154,23.36867453224042,89.34883381806165,6.774981623573752,37.90940486719362,2.4995694639762123,1
2.144854069287889,96.46879945637929,3.460233471776302,47.95148036451091,13.410093020094378,33.73455467690927,5.150056597097231,1
3.1499601150854475,77.83814465069649,23.493483693674825,91.72086893635736,18.82779155052117,1.9327630917601035,5.355538148796725,0
3.5430555005030397,78.580634473495,17.50925733521952,95.36543143080365,17.55288516299799,12.436839900051023,3.568859751711102,1
2.888002028998656,63.998954683014205,2.6280894185241257,69.22371512913615,15.555230754170749,41.36426749186353,3.53789158736436,0
2.824126445890016,88.47464665959684,8.22312560672359,76.37517626505866,15.980499521812675,49.28645844474466,8.285555979060813,1
2.1046307272511293,59.35218742787617,17.996130127486758,85.88858805417973,13.63471316604391,40.42897472548691,7.892928483196856,1
1.732756919514748,66.18396182021218,2.6164144352505208,50.49031763562475,5.945450293754057,53.093767841209385,3.0779583168074565,1
3.7430393948833167,71.27182193082083,14.97209104423056,70.15396458780654,18.236705583410767,59.51316749056815,9.137884438732593,1
3.751045142908326,75.38051893422275,9.301193366870962,63.919781666338785,13.743913926210848,0.992382112783563,9.52815017002506,1
3.08275364318317,62.12048662075401,15.901972426419452,48.782439529734944,11.648371988628359,46.409515945350385,3.267425420300408,1
2.3475744776217518,55.74184123696018,2.0978088115003084,62.05206533749188,3.1087999150561405,96.34992408875883,3.5442494879305486,1
2.373023936531652,80.53100212208163,21.91688334765703,44.09033856312961,9.494055332322084,51.90322801295487,5.056341534219588,1
3.3148891971755985,64.43152766201278,24.363735260257528,41.54871441696922,9.746807152836599,67.75422674589532,9.411208125336735,1
3.742775649881443,79.06191107113061,24.253068526856595,48.109977349289366,17.42670858093073,31.18638579168832,8.763194331423115,1
3.7177160606627933,57.718135763710116,18.991643961830192,97.78690669535044,11.386316183567981,77.39913781527625,1.025679625835898,1
3.4496888646440595,74.05700509274087,4.122069763135167,72.97177215370101,8.227610430437784,77.2921481876115,3.927307432714162,1
3.1050791153857196,76.62947162757929,19.19831670229654,97.94932966919319,19.559206241702526,52.129604765413895,5.533711897497718,1
1.710349912487622,52.591176841121346,1.5900859950112363,65.94987269980791,3.1036912731999977,97.60138232792136,5.0313247255154,0
1.9040717852365345,66.83021390969603,1.530965236695934,58.70896798511558,9.028420137926947,12.555021476265338,1.9386306793689267,1
3.7463854713176983,56.72073384694871,8.76664525958899,70.36851177041464,1.7984688282567005,1.6947664889580993,8.588167711681546,1
3.016072649148975,53.168748523638385,12.727436569711978,66.3707013179746,15.058178294571677,77.0158211757096,6.769407829968373,1
1.522992629041574,99.49801161949726,19.489778027387036,46.33988105570464,18.44345449178386,80.71555373648826,8.379083748518037,1
1.7536788571650803,66.11769224873615,17.399089038556124,78.44957888141238,6.3207092614592995,12.020722912057625,8.587642793494721,0
3.1587544227701394,90.49372229273175,11.70166495304196,52.96229095057598,17.308491859183295,26.55828329586061,7.483558536657398,1
1.5126539596155468,62.732032738188195,7.567039990759981,77.17527729386978,6.552146378776057,1.755236336662891,4.392106012497173,0
1.9020201285437466,84.07513611119646,24.930988003785068,79.01206554388921,18.304633071234388,29.33086107805647,6.105467550154246,1
2.8718344734164654,88.01139299448432,11.228351253663352,49.12149118771889,15.325276168338895,77.31418739186715,1.6036540611974315,0
3.229737994231733,79.78193703039221,11.83328858391221,43.680977626640086,16.293228759987336,51.79605277125789,6.736454174749077,1
3.1299031487565014,73.57880942750792,4.92697170860006,86.84569516410639,1.3421245564086355,34.80955931682881,1.7925325573928075,1
2.0606732736513997,70.59204570736343,20.075429169998305,67.5880254261592,19.293396784406493,37.17392949063303,6.939495905101568,1
3.28044805336884,67.44341332714977,17.648373418755728,43.48982773032855,14.806748849336142,0.1353625715468154,2.2959816075396864,1
2.0931227187420003,96.4764572123913,6.2984707069302495,99.69197903018602,6.790270812336533,29.98005275652359,1.1755130015021997,1
2.3134992453981695,91.53097038938645,2.9771450947802247,43.466833659782,16.758498632318094,64.64587416379305,1.6528449014295743,1
3.36622851279506,98.25134553332563,17.331983249793115,81.7021137315132,6.348902769883669,97.41944438163571,0.01992135219070268,1
3.1240822476180368,56.21486117427724,16.708269142747245,99.02073551580482,17.58232295175643,84.70608269838995,7.187396178535303,1
3.623058526235445,86.54337376018222,7.558228647957024,54.350806252955536,3.1390274178268034,2.3594964645529126,7.324010490583791,1
3.1440322307508586,96.91702284105189,23.82072549400985,48.53496212123177,14.370033571755119,89.85606046748393,5.149333499132594,1
2.920771508338679,59.061653308283006,4.625389402741606,47.283096365345735,11.273271056253297,78.3198413298626,1.613628010553837,1
1.7341869195702313,53.32481336833887,11.376035225022445,58.196508854055736,2.8341549337133753,78.03761235709804,0.8355433751068975,0
2.4192895076485836,87.05603246450295,23.646782084022373,46.0627486606388,5.595982736917941,45.79957590035715,0.1912896643728701,1
2.1630059192043136,78.7236556589956,11.073455606226936,81.52968050164792,1.235676689268981,39.80052929545028,1.657481769652207,1
2.109974108447709,92.0914388379136,16.324622743938054,43.73750788780376,9.90659134382561,30.29157288331926,8.908555349831467,1
3.932526386881114,56.988618831314476,10.542265551107063,70.56532768898738,6.724039954440007,6.569485895436578,2.4153684170168175,1
2.482744311666901,89.76336559299452,7.581164856368081,99.8018112311786,12.368792201657417,22.82353634936991,3.542713272172157,1
3.7301163879427834,60.08136600238723,24.615463551035877,88.83821617036114,6.647518346463727,24.66036349780246,1.0534548448133318,1
3.0778465649931572,58.18279714328523,10.824016151561032,76.91316629386066,6.698463118632709,48.40770697102016,2.223613047481703,1
3.487028258854121,58.21328989654965,22.458380888299224,58.3752172471967,15.120670775900464,74.7444406596694,5.192245707802051,1
2.7565927327629804,90.72873601156911,6.518910541386068,77.43375017749831,1.9147138835887154,47.38098283979466,6.077526830956526,1
2.9422597115658977,83.25986103481,6.114512896601999,71.6224878346991,18.155004908647758,5.784444944716061,2.4535231416621106,0
2.7312942345471596,76.15327123845597,1.7472179892282726,65.56500303342229,17.19301361343245,95.77898009882038,0.5773215922511721,1
1.9881074694951113,67.94152420617513,16.64000380902124,47.84262260441197,13.688288981301724,94.27243190941122,3.9103286912739863,1
3.3061302881537635,93.86002704065541,9.844632249370267,93.196252914428,12.271209832040302,78.51895431484084,2.342033709263341,1
2.2019309061021395,69.62225537113177,21.74459799615129,66.98707892927935,17.953747464653393,99.13279015642206,2.195539232298019,1
1.5607899160786345,90.82997197357886,12.357037760597372,51.6773507092459,4.521273411045574,54.448233280026294,9.598628027134552,1
3.1136807397679194,71.95674542851091,24.23664226995332,62.06556105263738,2.5004140816257436,96.27683502532061,6.16300485925724,1
1.9427766985176222,68.84722147124538,5.4526123768749075,64.84778515173562,5.550693228281224,7.560504061675077,5.5687844317209585,0
3.8511464608822856,73.13398928348032,21.84695603093466,89.65227373401245,16.096987295303613,36.568074826137135,4.157751035233219,1
3.8848214425064684,65.0688937082071,19.6383244670018,84.01686283368412,1.6587350678031831,22.538126800676583,4.289443334301443,1
3.7871609755511213,87.38046900881255,19.502124271457248,86.15829361848039,12.073329866586302,19.583308413427,5.4090500383808084,1
2.425396750638611,75.13601950462396,21.274797474805304,40.661875865718834,19.913312807634888,14.08029488926761,6.964298070361073,0
1.5386415413221686,61.61063475734086,19.264575782631972,64.96923989078569,17.25822578291325,62.241364156599666,7.021460961818295,1
3.8207964064693134,94.97872866372842,16.02928771915397,68.88064909811942,10.9074680918282,78.1321855747305,1.7169390770544957,1
2.5704603707932856,69.19456106866056,4.149877064377302,41.1515366093834,2.2091772764462045,57.82983994203607,5.0011275207662695,1
3.916637047609174,77.17764305569943,1.780628307790046,55.58879252470206,16.796096773328486,14.696270958820968,4.119580950341019,1
3.909049942723132,95.32360554822735,23.100348347576485,85.6173893873281,12.380591655367,81.11237699334708,8.705269662693842,1
3.6325236386684003,81.21189979569961,15.799607548497713,48.22658234373994,3.1837269441317697,63.59547071637285,6.314189212183764,1
2.2361222301739643,55.8449020354182,20.11689498342823,72.11860788715549,2.7832884116437677,38.81657061269955,5.325040664159818,1
2.4627443215048133,96.99160618067376,12.5565364363012,52.91211232103425,18.282909569295256,67.4130295536063,1.1539464217891737,0
3.627841678792142,81.38540265357089,3.8153965350974675,40.727246478633596,13.71480499582349,25.990497924283286,6.056378893234115,1
2.292305012890694,66.7452807328543,4.0044590128612105,54.472087455972485,16.756449187018355,34.51922084942105,1.1720390568023342,1
1.9237318667152312,56.96360363316936,17.453566893495314,98.55242529460322,17.70059910536308,91.74858431319902,3.3720657556575206,0
2.8920031561458757,89.7012594635148,11.327341477587105,88.09222671297937,11.863674688918122,29.05045056714204,1.4284196481433187,0
3.8403869354019524,81.00363779642568,5.812593440808081,97.574598659262,10.831480683345784,46.99882681579366,6.920736470243689,1
3.2400744916874324,76.67305459881608,12.798269121794485,69.27124263558174,9.178120796098813,89.01411373960147,2.062521138361526,1
2.9251529252234123,94.69462915254789,2.541014489803218,46.584171920650206,7.021985168031266,70.77213502675275,3.91859373188026,1
1.7429412344269213,89.42986056122655,14.96731364594557,72.87756933842158,9.257323256315523,6.220322616470275,8.956747776187786,1
3.0375180667479245,57.58374398663756,7.455841706442344,67.26264007359765,15.703713458872972,14.730304427897034,2.043163833989703,1
3.975134625260658,65.5861033897774,20.141418415292517,90.66142496437695,12.4365451892875,0.7841590771916818,5.078050639587791,1
1.85021003809131,62.424456990723286,8.44868701416577,45.88495484705467,17.957942509142075,63.09217902291634,4.19271661166022,0
2.7958241309093417,87.19731462863385,11.925283577963228,69.29446822130669,9.424220273204567,44.767342541041835,0.18124041045729733,1
3.6934326798198884,51.67662173678897,1.2788929577944153,49.00291988163906,12.534701995656327,13.427485090227552,7.927581135728127,1
3.351921544385511,78.49448424356582,2.738725307069413,59.480555613403595,12.994843508747785,95.79341210567705,0.6904590631459973,1
3.24253935248817,88.12293428703452,10.419845353760437,84.24142464326798,12.242246083820184,52.96597239456199,4.7425502097695365,1
3.256210209967773,93.83828183808748,12.518532033210963,68.561087762126,14.35004168862481,24.189329411288917,5.606782949389499,1
2.398727878049388,67.10408743579538,15.40049315486329,62.553297108746165,5.511235899121319,50.06035711547076,6.284264566145871,0
2.2339796106612333,91.06286523360063,7.999901889023278,63.66857671420212,10.734911773370023,67.96203327351078,6.886316293078756,1
3.523402888696284,55.53158684776036,17.67956526703702,67.5668061043592,2.9802712533586058,7.623921797356448,2.532723835227151,1
3.525283486697952,92.3226145867259,21.64293753254091,87.10099263022342,8.305715225251438,27.4703815047892,0.09978776658449373,1
3.6676807964502594,56.37443311659912,19.716423733440394,93.52508133641406,10.265674303804024,80.69654908839937,7.2344366235491195,1
3.7831013813911785,69.86436452801837,1.9508518083605715,97.3200811902357,13.392260931363976,45.966487040266124,5.356565993475786,1
2.7783559971523446,89.86476828897767,12.532166734187895,87.2142031753177,19.060089999137865,54.65771420322949,8.361177032072488,1
2.753790736717999,57.49587136743869,3.518324282036197,58.924413744880766,12.412370264418762,43.28160022094693,8.213883629006943,1
3.495737947416938,61.462569761632075,6.809080380700659,81.28808236519254,15.128284407354636,4.389994264300512,8.433261677878832,1
3.124909826944413,86.1126284196533,24.679902238411515,66.25618744332351,10.619055130408853,16.574977982015593,4.850946599795401,1
3.2549171931442586,86.00182682730372,4.4198930296363175,55.28023732276307,13.047976596150296,44.554163874189086,3.3362839583686563,1
3.4894816735902525,82.05738164426486,12.973315682832546,90.45229476555537,2.347712106541695,20.918546540792782,7.9155820259137,1
3.7250133545439157,84.697422223355,15.83573762363486,42.3055809377395,5.833440035995093,4.997902865967873,4.51294113029255,1
2.3449878921288394,77.13622216737981,17.859159293058497,94.1057195281254,7.875208770897635,84.36496640518237,1.834421964034345,1
2.43895738159986,62.58995294534763,14.431568403685938,67.68864787748404,9.977373745123758,98.11925291641158,8.549740195614744,1
1.7349548496021725,67.28479967519597,1.2345003380604078,78.23208860849682,1.867326164545291,79.31428739967394,8.825598767723474,0
2.945700352490435,59.079885840071285,8.835071397855806,79.56123533234697,3.660457853513036,85.3784921704667,4.663097561401701,1
1.5898556844918552,95.42252806668142,13.425079441233073,93.70706444239218,6.25947184803481,24.197713031704538,0.7569972730978747,1
2.6639950453311503,79.16958973830603,3.1087959794760005,78.20018093003245,19.459121127119964,96.06269755131997,3.8782608991693124,1
2.8566115867689414,70.042570838182,9.415046349020338,76.8360150856037,7.295593134957964,19.692570445342838,8.035376594626033,1
2.216353130320711,73.10029018220663,1.7968746109927975,43.999122433641396,10.158780104129567,95.14298103618323,9.017740285462287,0
2.977083151422527,97.36416698059077,2.885883931720498,71.10448131671225,4.725856542029466,99.4819293965951,2.0347274249759586,1
1.5762506248476236,57.66757015580401,10.526158628838306,49.010140049022496,12.604821350439597,71.17228057460487,0.6697361202527152,0
1.593370471873036,79.31149160083986,4.1851780970334485,84.24602612328914,6.332981094803512,98.1143731791822,8.773504531328387,0
3.556501401649146,75.2944339442233,14.620980358277397,70.73331524876048,4.932858990330109,56.95397795671037,3.894049389788753,1
2.4004766035281575,80.57271177173239,17.54715925929438,80.8136667525012,10.814879940473602,25.954178317609035,5.417609642675632,1
1.817651281629712,50.90550919104203,20.21408077861799,42.50037403614306,1.1046101840479956,43.699588566562085,9.680658120507589,1
2.8056081501370107,93.60619544720757,5.803605861875442,45.087520962748194,1.1456166203352813,59.35609353787859,0.6656472791422285,1
3.424983882746527,96.60591412418063,5.019581974217674,82.97940328376094,5.162307372935298,7.308156202701499,6.483180074520956,1
2.039552568742108,78.25665917946044,3.509628168025606,44.325060159920405,1.6977058875156017,62.234326461724606,0.7410542257486707,0
3.0572261895475004,84.8325411938446,16.27432598904728,44.27540366591552,3.0524893284831363,98.11778367622945,3.7546892846650035,1
1.71336866248442,96.12496905886479,17.95541743568563,40.72650851409325,7.43835233743628,19.010764978372762,8.038145451934467,1
1.6292043029215193,85.36193171566993,1.758067475815409,97.39008389796881,16.249127912016444,79.25951162883833,4.334722327556344,1
2.82838657892037,57.62695214571307,23.469093909848556,84.25050156754043,11.868924224016716,90.78987937796194,9.971823539029504,1
2.8515878040252662,78.81441800834065,2.247310807635338,61.19508451012385,10.740686793171912,94.37015928202209,5.590592849466022,0
3.0935747537455165,80.3357523191428,13.991112047225691,57.792134877259315,6.576287640954311,96.01356044054472,3.2116215263595347,1
3.3152283343066538,71.2065335651193,18.017452466821993,60.982193784750976,18.703320669223512,52.14596387214719,2.2011132590475313,1
3.9396301986563365,86.82221178123615,21.903258969906055,86.47921187087091,8.543285783506642,97.73079079915037,3.5052053428616183,1
2.790750870752988,96.71835073845074,18.138086371178268,79.68223666422486,2.6547625691196584,75.73102071344388,3.725332737595508,1
2.307391182353115,96.27842564533881,20.241473993675005,51.11173407204808,12.724263806238223,16.16714362369619,0.6871367772396098,1
3.487965486921759,72.5419685702066,9.146804621027346,50.44656012004506,3.1629294760554267,47.690010646797,3.6957419942677316,1
2.1770806281551858,55.661902292037766,20.555802729916294,45.90373898280384,7.55923971323215,71.8331175372004,4.642385197392249,1
2.5974285517640903,99.24205994811672,2.9227563132322034,79.61816318208028,10.640826835638368,24.734031581908333,7.227377522388046,1
1.6961409533556648,91.94490432229671,22.475599745452662,85.86235973330416,17.61022796901834,64.06151835488873,6.56729484721608,1
1.5633768585386438,56.233134060163344,14.14221702768967,55.90278569950024,10.377385026462255,66.66004790466192,7.087656552291542,0
3.906621036694813,96.04209413086862,20.61514647909985,41.256697661854766,14.34291655460162,16.26997438085659,0.08363681876857099,1
3.5899503012805147,93.49481810310641,11.855638828439204,44.93030004858564,19.863519940982336,56.50853124527563,2.1766739958053605,1
3.239935515234245,75.94190285630361,16.4458646847166,98.07160209070183,3.498293278061651,77.16269109786077,6.616842883998565,1
2.5223823610356746,79.56377178724647,13.633663862466717,57.72668664864521,6.219898984870871,49.88956645359419,4.839893681797472,1
1.9332358001771144,69.95013519350651,18.558148522127965,86.15338887028801,8.496945436355283,1.2103116776107425,0.05313475668345946,1
1.8910926066777152,52.73808194110157,2.95911956873415,77.47981413125584,9.014735392237796,0.9038469079292177,8.044946424318223,1
2.125607245411488,66.75986208229504,2.448450015773531,62.91637837917375,8.809400430045368,35.702934397001215,7.728095732903374,1
2.873066661765301,90.14267242990057,6.930477616243515,52.341235731733306,18.244609048574542,92.6194068431782,5.484191629935626,0
3.286489806750156,50.23160115023014,4.82907232271652,47.283185089564384,14.566620244870272,22.867677960360876,0.6646332577627212,0
3.150493441794328,66.6749585845572,21.92280559821284,76.900778082332,12.550199067723371,63.43636888716871,7.665150495325847,1
2.199834742364857,69.90843467954717,6.261135696593064,86.47802683826728,6.878081639392859,22.207587069332057,5.8371358773136395,1
3.887163201657985,76.86978014689615,24.42076613965915,78.63425521246785,16.652017300204598,32.16699896595486,7.8195997715795915,1
3.344742291739421,95.99278082063802,9.085499002506564,71.81812799494949,19.14614971821479,84.8042089601484,7.517469923958404,1
2.885885131278502,67.31729971829806,5.370829976528783,42.517073405898174,16.602767368454302,72.88614422699469,8.03002071957837,0
3.0293018655858805,67.34766009481139,19.9527641714195,98.10932665566303,1.0297369986379852,9.539927731321063,5.1800806640462485,1
2.549000156069475,86.87506240548743,16.808986612021027,87.92285149927447,13.091626033484733,42.87020209864336,1.40324518193515,1
2.1193274737528935,72.61089704449036,12.956697194875336,57.56932220205788,1.9715722473999138,2.916976364526447,6.711574733796887,1
2.389931696628154,61.2302411469991,14.328725222503149,98.79821976153104,5.894537186340715,48.0890146603009,6.204737850519706,1
3.3946152761609225,72.62197580663467,18.26084267853433,76.11289537817933,2.1309693066076623,66.24340117010681,7.422531871990872,1
1.5359837215743897,57.04285101898999,6.4829137919511695,74.94535949243479,12.472113606038366,11.850262359815156,1.698810060507353,0
1.7901816012672906,58.819349325311165,24.912013985361806,84.88439076577193,14.04520835635953,28.888493890916568,1.9497519990028922,1
1.6150066050543819,74.91838863697399,24.395035891522795,88.70618728540825,3.1752651232521973,39.783662550215695,8.904095172193285,1
1.6018220057974253,70.9462724752274,16.607816472326483,79.38871643989016,8.29293877785461,91.95310246560497,7.499777984520708,1
3.638651460027518,95.742295053405,5.789018822299483,47.685744781972005,9.668493670155298,99.32550154229641,9.08228488700323,1
3.259144648450059,68.11969495583165,17.32547781835099,60.296050359669906,8.012007413457415,4.491129899561585,7.587153211639207,1
2.685434572718313,79.02941751390217,2.7327618155002202,95.685018419563,3.2994750092186678,76.1007923495392,5.971553059903019,1
1.7445854016275038,81.61321439597651,1.7356600529393456,53.476936710631115,8.960008013562032,37.17240664023432,6.5413273702787365,1
2.729039687792081,50.654722829416684,7.184389324269128,62.330021430250795,15.272382908359944,39.245818622948,8.891279239400099,1
2.6836794269514144,83.17686860083553,12.102950961743591,65.92461297665176,2.349145626131854,75.42649733470228,5.7880675451194055,1
1.933004674775038,58.90179834348757,21.83854012980113,66.36429938166714,2.5234202675561654,91.84264321454087,6.323913243283874,1
2.5846291230949325,98.05351587347275,18.45205767439139,76.77637494967152,7.7406545448837,95.09285945025483,1.5647671600360058,1
2.4962618359934337,57.43313638765565,18.824956508799545,96.58455026468246,18.892788520759577,57.712258603832076,4.739212201161028,1
3.039625245130541,70.73120618635119,11.211840026753809,54.4415627099503,13.702880287735367,35.71211593005028,7.16397111958099,1
3.087734127169109,54.26748340393219,9.302439821127109,47.290082578055085,13.894729176778732,78.75490858587793,2.709426983163654,1
1.6132600244301112,99.84371259229736,9.904930311630466,51.848229391596234,7.876479825919434,25.100138326230027,2.022541805245349,0
2.436531536566178,75.10975051656213,24.703589529665386,93.21549401255618,12.27955503296223,56.40740288335178,3.1382680822441555,1
3.064649789285591,79.76925086600218,1.9626205938995795,78.74864875931236,1.1924924965271242,35.85784615248732,2.4150062799283347,1
2.7578406464502194,53.353823869421376,21.808755906938764,57.15440735434961,13.085824881781303,65.66310737078761,2.1491263703639585,1
3.6412246029708055,87.49802351995889,14.888209805737443,88.95681633811704,18.3524520039485,24.03989128935069,4.24850842868087,1
3.146734079047363,60.49527965477929,11.52677006055017,91.68219978180616,12.638895898551564,19.159294573482576,9.07838513883534,1
1.9073360677035742,94.90271447203568,18.406183849963277,90.79086032141669,17.600273275860555,91.8239086675437,5.070596467387183,1
1.6764218685010746,60.25698202410036,12.680054594192868,95.13559201837327,14.755488053855782,10.18036829495369,1.8792038081532303,1
3.106048195515789,59.534386033183324,21.962157713959854,55.134461210401696,3.290609911670115,50.595790773493164,0.7697166938087407,1
1.5662782763540546,51.827483392404744,22.616844736270203,85.3025157247767,18.146612838430993,22.085278296300892,6.961561451379252,1
2.964438953183658,73.60334725549995,11.12130224496293,67.6323698364484,2.2624330427597226,3.892996332566745,3.827987644363878,1
3.850575603562394,78.24205666313082,7.643867133641238,90.5199131734037,11.145381978407512,3.601881829142639,8.218309465853594,1
2.9386854446896975,53.285431971417616,15.216407886240694,83.70944062969679,3.7006053520756956,17.522177210582733,6.595107686407702,1
2.4704248155163047,88.77638083475053,22.896720294800584,86.58684678998347,1.2224256038871772,86.67703545060003,7.962414505413685,1
3.108220546105883,72.66444173740138,6.055892536135998,79.36971026086428,9.018650942425142,28.247874397702667,2.7194603941844875,1
2.6456322262287917,76.219513466379,15.951198005523587,50.645726168182414,6.6057734454289685,95.04591705752958,6.9235892246105815,1
2.8640419732898375,72.03813734691141,16.157445282220493,72.70161513381629,10.234009382154458,58.16222929891936,2.640619846937188,1
3.8536620219413127,70.0381530437663,18.594712537966743,99.0801843714705,11.966797847956466,43.66141897687661,9.390684794502915,1
2.465256594501936,77.9820165654109,4.157624443054235,96.24328398982713,1.83104237387,58.00888346694546,6.363742815333744,1
3.9029764095597854,57.76201229653562,18.179799152370126,42.5904241478207,3.337062607351167,51.669838522626776,3.245118001753421,1
3.7633766048901593,59.09640652476355,22.816780495975383,49.888888943766226,11.614205532558081,75.87762537573252,2.6951186229227266,1
1.989477836973241,93.08928105067587,5.312394612885807,47.903726407273716,7.520179710280506,28.249606597285226,1.909265850716435,1
1.6734032521879136,97.30577310668164,6.701039798173063,83.55879459911773,14.854296263439512,35.30503916003024,6.946409588937278,1
1.7519450034435666,68.66546581398765,24.31348225699935,89.0671197914167,13.393541323246854,89.40943025332507,2.187156129979273,0
1.5455545641288744,63.53723365717769,5.3434468650277545,52.81068197864032,17.06648289680823,94.64565131504055,5.953032659274891,1
1.736107401889821,82.19997716195078,21.505242240869897,70.35116157710974,14.15736370671528,89.25582274864745,2.646350269253573,1
3.207516933540892,70.43670855490481,12.814668554752835,90.44218168067201,9.168690470412814,41.94479939573136,6.619689447938686,1
1.6779716211505724,51.26931778301724,6.933545785676249,83.96809268597504,13.786365825494215,78.03655030068816,8.149397285405392,1
2.2974390757344034,57.80762986830952,21.897997630540274,72.5342323295109,6.232242310852952,47.63357333010988,7.780252431446532,1
3.6121882774236362,85.79861144236988,11.687326120063972,75.42086142752638,6.819956476786041,49.75398521461022,7.608513309307817,1
1.5581798393395647,82.94619709550757,13.355616494312564,70.5016328149768,15.990718038495073,20.468010905728395,1.8772240569225207,1
3.5361712064723396,51.354799625174174,9.621600865594377,57.85290707912924,9.481970811630061,59.113030325851646,0.8838494698451871,1
2.2046369369335,61.098608096647474,15.230820434438257,73.90131957154097,16.169226469848695,18.613589775334795,6.989488284873856,0
1.7954120690541406,61.55373982940357,4.924572942040546,81.33311812300545,16.62602509969729,33.15646990671938,3.683472137943513,0
3.241842913410377,83.59463717993643,10.385956879642258,92.39937495164847,17.293684415564393,85.50302016199352,4.3234622640334734,1
3.0723571169497097,50.98552688771821,24.2658957360469,78.1774812387549,18.41606948098294,20.707580921085523,0.31149092793391064,1
3.6936800338176323,55.205429099228695,7.195202384827061,85.66729222258948,9.188719189752629,7.115828517343282,2.595764492750492,1
3.3376776095097145,89.99580426865947,16.761679948991013,49.60429809727438,7.0584695481016375,6.90075926128163,0.3367640387446402,1
3.5087023259621213,58.927233102716684,8.804561541392676,67.6934484651874,12.061776185288164,94.07845205031079,8.791857726012477,1
2.205086431428266,82.63730539259373,19.563355016478415,40.559897189625595,8.052276045314924,50.69204379618346,2.4339668321853045,1
1.943598859449307,61.90913905233633,4.140967857240396,54.80073187129738,12.420409169204426,40.941207181701834,5.5733716957300805,0
3.376536879102146,54.97206963796726,24.27570508188507,83.5877029067803,14.406131390232668,81.08785810079185,0.3897932066113041,1
3.51708684816816,62.1586095499727,11.890948993207342,99.5085970809618,14.079695351350601,83.5825927910516,6.66847391305658,1
3.9762628550016834,86.11334659278296,6.665211120315135,45.95068597523296,8.116504853382306,33.21910331156046,3.230273457540939,0
2.531544192278566,92.78482340531428,2.7639219359203038,64.0896589516773,4.170343832276304,69.36180574737952,8.979191869576658,1
2.430045214481958,91.51099322834958,5.074189722100978,88.00425812194956,9.180057430781943,77.11228158518865,8.881181889340358,1
3.441032401854992,69.85917648092274,13.474574765344425,52.24213807773393,3.7092887375562658,65.46506868659546,3.252906183617478,1
2.3520088506325445,83.40425682853231,9.088076234350872,73.30509695813717,17.91184366849236,15.159507480009937,9.009608956904678,0
3.826893314008912,60.24921477079105,20.893200781182628,83.98427776178049,7.571671754019291,87.5883083517057,9.961576734987789,1
3.6460318796075297,64.65738651305067,11.341300567883343,76.95912701561073,3.934735197243152,53.90945527360087,8.254156641239481,1
2.5724850684375458,94.81679092605599,6.969142542103118,51.28148407692497,1.4835074382092666,28.24724263700037,8.448713477552289,1
3.377177669478743,50.6500961755368,15.81147967849672,61.323074121144366,13.270625339443201,42.52281854376939,2.4900873610908993,1
3.386357185211706,54.2754265427234,17.9626532052507,87.02750706912383,13.101144031640121,3.757109039890738,5.767023988577563,1
1.7578096720898315,60.394312757301364,5.009005789622797,73.253590847921,7.471479165044542,12.786680122241755,0.6725591396736785,0
3.7563822666989166,51.32661019369099,5.022861190919624,40.313776812574766,2.362525888105369,76.55467505158609,0.9491793682166971,1
2.763130931119643,59.071771754489866,1.8801142464050313,85.65944560168563,8.782949003009408,0.0011634755366141114,9.988926120332906,0
3.566143665269354,79.15207804848461,18.673648361575374,42.118681296414344,6.913132406204478,41.65658284822922,3.2663924942591094,1
2.3001240025765295,71.0712275296249,16.93130866292332,84.74402696387392,13.865292154965179,52.251018108558846,7.481839120488464,1
3.738808071240501,94.63358555384875,12.391141017995533,52.14883360991425,12.509805739601116,5.4634420000972295,8.066650530268165,1
2.473004196835408,90.87217808692205,21.260090775260732,97.48440880716282,7.92728083575326,97.30781629723329,8.580232710072291,1
1.527094128700746,67.0908675848938,20.336083670801276,62.07644507812507,5.139958530844812,22.612533124967193,9.976282974021565,1
3.7634549410481593,62.971171671564626,15.048504745522052,59.615896980284745,19.772683356956247,30.419871963628086,2.414964852568678,1
1.728216691965334,68.98462040836334,21.838510732318205,48.93328301994668,9.626030802726183,30.39425122550273,0.40350826859699707,1
2.2982840939760374,79.51474712574039,5.940189040882438,58.33625292941289,14.077210479824505,23.04166621173499,4.11191517994586,0
3.8751549176270124,63.403182041143815,3.686070865545469,92.59904570969204,3.6705063839888545,0.1473822086311416,1.3008066982894695,1
3.8765178673438903,81.2074453924567,7.473990676407751,99.78006025763483,10.226204293528559,72.93447940879963,0.22425889162055124,1
2.933594720308215,70.47058260956203,2.3700845461435565,62.098571830410904,1.5231976775198444,96.68454997992853,3.604268271414861,1
3.079593030424498,77.602359042599,13.748068672024768,66.91663785727255,10.60364724029855,22.429348328504506,7.837382510752365,1
2.621113804945799,71.80632645676583,23.478536615079076,83.32425629216422,19.316330735236345,66.30471918034225,5.661806912250709,1
2.2330269292451614,64.72328797709588,1.9442449760442315,93.17174682790447,8.299927546730204,74.18963269587151,3.1277798921035407,1
2.32166136342479,97.42266534810784,3.930637936240643,75.58266005120706,1.7409242389233202,84.84253790905247,6.543420054927197,1
3.181296140192596,88.18028970798804,11.852776678802446,63.491541890669765,1.5881600274675272,42.262919701360914,2.320181803088107,1
3.3809363235942,57.00565878832263,23.413000420669718,64.75731045091743,8.37174843899052,30.293090564042924,0.14381446072085025,1
3.478947609314621,93.42339879489563,8.587746519442012,81.73708878980841,4.040473792800687,32.52951340230311,7.643533864364274,1
3.4740453569863847,74.37155991247567,13.173635408521418,40.19309581625672,1.4436898302355323,71.26213330985128,6.237430848640091,1
1.7280152576217258,94.72761134470457,1.9977486172094103,77.17536024759045,15.36805866505336,81.6779466505636,7.6230262450096,0
2.7360507617564536,89.99276279736577,4.560236823090133,61.329580626481444,9.711937168755924,18.161396775660265,0.3893801668766561,1
1.6438969000416108,71.26067522346167,24.679122951012324,87.65183987662505,6.495650667480436,37.09410081577652,8.371196278306522,1
2.873822205809339,51.12346541600587,24.162848714465092,45.57943838938793,18.101580477313135,90.19401967491501,6.195262000363034,1
2.6038262534334424,63.4338679692473,1.1185595424258308,75.29213601690343,3.2066402438099866,80.66935196947392,5.633953507126401,1
3.7192604568957495,77.08171073304334,23.843482850157734,68.85837339316743,19.162457750151066,98.48584027624759,6.246140481145316,1
2.3772875313801967,81.67391099130737,16.33887850757201,78.53953155431364,6.965367630169704,75.42482596820807,8.644332468683642,1
1.7926675410690147,62.894384271660115,21.83003906848053,43.8912156689781,17.879669773864943,39.319520102792225,5.86936506558907,1
1.8574792051320896,56.96780370364121,11.913756535212618,74.79902724568788,12.455914653109769,59.06378339946377,5.809503798881793,1
3.4037765792936807,91.74651183996495,13.374304685902006,73.68907527757142,16.707439835088262,66.10142542473203,9.906791570657658,1
3.0455451582906528,99.22010903517761,12.732317926166084,73.63960566497025,19.69625010099882,7.845581631712395,7.56730167068568,1
1.7528066903069757,76.28450911513428,17.004742181106504,76.20925999578729,6.479703318556169,54.44969591038651,4.422938054511353,0
1.7102670152874935,58.583964292415175,4.35163011415151,80.58807623358173,19.261574222744265,70.93208284726096,7.073970000329277,1
3.2524228286478,63.61536632596845,1.7193661569442709,88.29933998084618,8.400156003145987,16.732130400106037,3.892304716917885,0
1.681907515910484,50.919533827373336,8.390318598188582,56.18924320769286,8.324726190001524,78.06317174255571,2.28875462483499,0
3.5546501482258908,95.71494032802495,17.91233830567952,89.50296461080373,7.467354980835609,58.37727805141116,5.968518768877594,1
3.2656055678912406,55.88755414450706,5.844482850950761,69.89534093580721,11.286744539604118,95.22217856975946,9.281820981139514,1
1.7033719516047494,78.82582377571268,17.162378399798015,44.62349674805987,3.9287558203912547,4.24222982068917,9.291395200154627,1
1.71209428521298,63.7027610343603,24.27788910657449,43.51305575463875,11.520518221802213,26.5326137555467,3.419052781054903,1
3.9665989462529385,77.70890012578967,3.2536171789460413,60.05429912176365,11.292391435790076,60.15538792998241,5.276774662216949,1
2.4356769893903008,82.57101941759322,17.142450837403032,87.09381862668806,15.47613443949253,29.65599122059307,2.116358985698612,1
2.4266053676672272,91.48709018536007,11.650005263309708,82.46085608445495,16.839349276814126,71.44241640712423,9.956311094988834,1
3.5319989181437563,60.32106358803016,21.835414105060128,87.31689788034438,9.368385655936057,75.9005282521931,9.811179078679357,1
3.8681214434596467,50.549791432924025,5.251594946737262,71.03614338649656,6.744331737678381,10.251596406647446,6.495089297074474,1
3.965002659557177,56.844281503440364,17.623022853427948,66.41193987732943,5.927363049024795,51.38544642067677,8.044140596774733,1
3.3834454631473543,95.00093209240526,21.114766951554646,48.84715160237704,4.697852897392567,50.889055559105586,7.151001612837,1
2.4406489638272895,93.69450387812577,23.670741267376556,59.69156521655869,2.095304061781473,36.92807702155411,5.931582190394682,1
1.708751791746672,79.87065510851542,17.397952678951498,66.04116197043251,7.506511597859554,93.29248625696721,0.533479969888977,1
3.442867289818592,80.02584302168268,12.932194336202254,45.31602578077703,6.134706150484882,82.75063198732212,4.54764342552661,1
2.8960106243395125,83.25183372731277,15.828333764829132,53.236717162672676,19.36193033146174,69.72093819096368,6.747863021674105,1
2.5605550231174408,58.76856393117248,21.853719627489237,75.89351764382434,11.596467698750834,71.43266357349975,6.775316138836846,1
3.76588596273684,95.72059729624799,14.694633919331913,84.1397868543514,7.598263741579643,46.17161438131191,3.7312261842238357,1
1.7779937057653783,70.93852624460365,1.7292894327240846,99.90085068357698,12.028884418880224,92.09945210965759,9.416919866580306,0
2.7315627607271478,69.15692641247487,23.342768692167468,95.98679988061346,3.6447373255682147,69.45954272532853,1.67357032236781,1
1.5283841119185477,75.94588526414188,17.548642024757466,78.5539119721115,9.436831234841856,72.89810616558164,5.003594462155606,1
2.671651604985316,52.348298338752755,17.236321258653916,65.27488319764433,12.898452107000212,86.16909037873452,6.908839765508228,1
1.6407581892045933,58.31416843780397,6.176203657545212,78.17064188249395,10.289058804056577,27.4071589342191,6.971358058918092,0
1.7970447906701799,86.90168082131852,16.813251285583775,87.13909708481393,8.63379721243216,80.7070903866703,6.486389567688155,1
1.7938156169427621,54.139933396256325,10.452745735699803,47.10017145540324,19.883119389094265,19.524060295649203,2.7528821345186016,1
3.123025755290159,80.1576054733194,16.62959144899581,64.59429338177729,17.725980480829612,34.53419522448878,1.5620656868662197,1
3.3651121981635583,62.26745548406605,3.5582327273917773,90.38813713813704,12.844713205029363,33.56104542698427,6.3594032682671084,1
2.958421912742899,69.46478070209884,16.788287310472864,63.02997711598264,11.818169862463373,97.85254683891405,5.993021161394378,1
3.9054313711863546,64.43468683853499,24.985929418496,74.31233627363119,12.792549116667097,85.65372237479268,1.7935601028924097,1
2.43717644880926,67.78363582324747,2.1570889326533447,75.26616165173189,4.824930048626232,70.11698615902597,7.051391455705634,1
2.214280215704652,85.95229525921228,24.452180421311617,51.06857518801836,8.507617122022054,72.70567616153902,4.551719917336564,1
3.671497820473651,64.85608578115875,10.765791057348896,61.734126499137304,1.749731124927087,56.20727944025711,6.6776059160315295,1
2.0589895962986313,78.32023201484486,21.89808280809422,60.07067732451593,10.035374712249707,94.70906671085191,8.373670797701507,1
3.9080563486015283,73.80252010995498,19.777251617398562,41.571802511923885,11.3174670951956,49.62587528823615,1.6972842857692316,1
1.5303861867245407,83.1835582681324,14.608390263680027,41.45150583348131,5.3272449859609825,38.05177098698945,0.1914486799683668,0
3.9246970667690975,96.84148696623791,18.722781022031835,89.9018226205464,19.31654809614476,16.3035336931591,7.791025863957868,1
1.6078997798764403,86.62860486051252,22.08437347123235,56.38424859836874,18.279637607807597,78.6205652261058,6.096974251526159,0
3.727857784245178,60.74701892953784,10.699367719624792,71.08472597432893,14.720721473662211,73.44439320755914,6.996395696221217,1
2.8192527727157497,51.55915675306424,8.848795877517729,57.92353441532639,11.134345946541888,38.43550385241349,8.381549749886425,1
3.982411990298251,63.113202214991254,17.022241253526033,96.44075470692043,17.529414033306015,2.519341395922936,8.028109348245005,1
1.684491411838497,79.75389653501274,20.388302606590205,55.55780553194643,3.4823945326457952,83.89973277180107,9.609201469288246,1
2.884635711003302,52.57129067421252,19.294843234638776,65.7794087643361,16.019686091222816,1.1417983454073632,5.359350788521182,1
3.9232563390477475,74.81831236006181,20.147527572607228,92.36381502907611,3.3715954653701177,70.3699779629051,4.884956326599053,1
2.807744610425372,79.84214244584446,11.453999555510393,90.51601400750852,16.0900025884387,97.02571097260571,4.018871998907301,1
3.073496595338156,66.71219454084805,20.62802118820052,51.16608507077664,6.239583796775782,43.766132814820345,1.5369104284420454,1
3.239371722461543,88.54561018729109,3.8850173288946026,88.15859858774263,17.66472103934559,23.497340499595275,5.726072328820225,1
2.636352661919433,55.32991265668859,14.067738351060388,67.49121320427356,18.93679978268256,70.48710100433817,2.7701252432597876,1
3.0688952002101586,53.75688908679044,1.1382078519549177,68.97813232512131,3.827123418697197,81.71281420155852,9.213075122129755,1
2.9607857798077504,86.40943781018017,8.790059917606488,48.00879834495663,9.790836496242477,54.64303160778473,5.8319080427709755,1
3.7528950262274723,74.77456581030992,9.795076836913548,44.836090825427476,19.638760185091016,96.70352752561462,5.928401805081101,1
1.6136159508536447,84.4201198213868,10.50814459862213,83.6763584184259,10.184741283489785,5.166872165796111,3.5492466087701002,1
2.2024079739805758,71.74136693018731,17.69121296055669,69.78766914131799,17.407402927776356,50.479559830452814,0.5198935197770749,0
3.876028710191397,62.32010166195534,10.325394430488299,66.21104215691076,12.185898920495077,71.845394732255,0.3174376537298862,1
3.7256594597272907,90.95511588371,11.768646942940736,83.7704937191438,8.131268250472434,86.2640471149179,4.233351441531975,1
2.6391418819642825,89.97079394844897,6.701059140983859,85.93077393946658,6.4298875549915335,17.925561190779003,0.8456537809723785,1
3.050331494503842,84.73482354272133,9.958042999104162,49.53449006016122,4.861238730635658,80.00034817636814,6.068469555401391,1
2.1934529574528314,63.607256861498136,6.454471054315635,76.61350896865848,15.474165636176247,55.27070757185453,8.809730056396575,1
1.9703028993094032,79.51153334345435,2.7567021704426473,48.12124493666113,8.34426962963753,39.65536819899632,8.829148165187222,1
2.6592460123499553,68.04869484700134,15.482766241153069,85.08250516174274,10.714233781814272,13.171502857909356,6.590454101322324,1
2.383380570065132,54.579103666331704,17.03710716532039,79.41730937602837,10.354184120022456,86.52957589089124,2.1123183147293103,1
2.95914027962718,95.86567877311214,15.867768304230747,97.39687726500748,11.968301555429493,15.727320817971535,8.629968313588721,1
1.694336592412462,56.84093154594807,12.123857051213736,44.13748098138527,17.445965766866493,30.978785920909925,8.860934353132082,1
3.9359870191654163,97.51186769104012,10.114858724301516,43.423283269075256,19.63404752808516,29.004553196243688,1.966535849529587,1
3.9655268611990073,72.30028864789779,21.720007589723807,56.93122448159201,8.74409996290252,87.14140341908544,7.374260857706773,1
